,Text,Class
0,"Roger Federer Advances to Semifinals in Wimbledon Swiss tennis legend Roger Federer displayed his impeccable skills on the grass courts of Wimbledon as he cruised into the semifinals. The 20-time Grand Slam champion showcased his trademark elegance and precision, outplaying his opponent with a combination of powerful serves and exquisite shot-making. Federer's advancement to the next round sets up an enthralling clash, leaving fans eagerly anticipating his next performance in the prestigious tournament.",sports
1,"Lewis Hamilton Secures Pole Position for British Grand Prix Mercedes-AMG Petronas Formula One driver Lewis Hamilton showcased his unrivaled speed and determination by clinching pole position for the British Grand Prix. The seven-time World Champion unleashed his skillful driving abilities, navigating the iconic Silverstone circuit with remarkable precision. Hamilton's pole position achievement not only demonstrates his exceptional talent but also positions him favorably for the race, leaving his competitors with a tough challenge ahead.",sports
2,"Simone Biles Clinches Gold in Women's Gymnastics All-Around Event American gymnastics superstar Simone Biles added another glittering accolade to her already impressive collection as she secured the gold medal in the women's all-around event. Biles showcased her extraordinary athleticism and precision during an exceptional routine, mesmerizing spectators and judges alike. With this victory, Biles further solidifies her status as one of the greatest gymnasts in history and inspires a new generation of aspiring athletes to reach for the stars.",sports
3,"Rafael Nadal Triumphs in Epic Five-Set Battle at the Australian Open Spanish tennis icon Rafael Nadal captivated audiences with his unyielding determination and unwavering spirit during an epic five-set match at the Australian Open. The world witnessed a true display of grit and skill as Nadal battled his way to victory, showcasing his powerful forehands and unmatched agility on the court. This hard-fought triumph demonstrates Nadal's resilience and leaves fans eagerly awaiting his next encounter on the Grand Slam stage.",sports
4,"Serena Williams Makes a Resounding Comeback in Wimbledon Tennis champion Serena Williams showcased her fighting spirit and undeniable skill as she made a remarkable comeback in the Wimbledon tournament. After a challenging start, Williams displayed her trademark power and precision, overpowering her opponents and winning crucial matches. Her triumphant return to form sets the stage for an exciting journey in the tournament, leaving fans in anticipation of her next electrifying performance.",sports
5,"Max Verstappen Dominates the Formula 1 Austrian Grand Prix Red Bull Racing driver Max Verstappen displayed his sheer dominance and exceptional racing prowess as he emerged victorious in the Formula 1 Austrian Grand Prix. Verstappen's flawless performance behind the wheel left his competitors trailing in his wake, as he expertly maneuvered through challenging turns and maintained a blistering pace throughout the race. With this impressive win, Verstappen solidifies his position as a force to be reckoned with in the world of motorsports.",sports
6,"Simone Biles Shines with Perfect 10s at Gymnastics World Championships Gymnastics sensation Simone Biles wowed spectators and judges alike at the World Championships with her flawless routines, earning a series of perfect 10 scores. Biles' gravity-defying flips, impeccable landings, and unmatched artistry showcased her unparalleled talent and cemented her status as the queen of gymnastics. Her outstanding performance not only secured gold medals but also pushed the boundaries of the sport, inspiring awe and admiration from fans worldwide.",sports
7,"Novak Djokovic Claims Historic Grand Slam Title at the US Open Serbian tennis star Novak Djokovic etched his name in the history books by clinching a historic Grand Slam title at the US Open. With a remarkable display of skill, mental fortitude, and physical prowess, Djokovic defeated top-ranked opponents on his path to glory. This monumental achievement marks Djokovic's relentless pursuit of excellence and further cements his legacy as one of the all-time greats in the sport of tennis.",sports
8,"Team USA Strikes Gold in Olympic Men's Basketball Final The United States Men's Basketball Team showcased their unrivaled talent and teamwork as they claimed the gold medal in a thrilling Olympic final. Led by a star-studded roster, including NBA superstars, Team USA displayed their dominance on both ends of the court, executing precise plays and stifling defense. With their impressive victory, they reaffirmed their status as the basketball powerhouse, leaving fans celebrating their incredible performance on the grandest sporting stage.",sports
9,"Megan Rapinoe Inspires as the US Women's Soccer Team Lifts World Cup Megan Rapinoe led the charge as the United States Women's Soccer Team triumphed in the World Cup, capturing the hearts of fans worldwide. Rapinoe's skillful play, strategic vision, and clutch performances were instrumental in guiding her team to victory. The team's united spirit, combined with their exceptional athleticism, showcased the immense talent within women's soccer and left an indelible mark on the global sporting landscape.",sports
10,"Lewis Hamilton Secures Seventh Formula One World Championship  In a monumental achievement, Lewis Hamilton secured his seventh Formula One World Championship, cementing his status as one of the sport's all-time greats. With unmatched skill and unwavering determination, Hamilton navigated the challenging circuits, overcoming fierce competition and adversity. His remarkable feat places him in the elite company of racing legends, as he continues to leave an indelible mark on the world of motorsports.",sports
11,"Naomi Osaka Triumphs at the Australian Open, Capturing Fourth Grand Slam Title Japanese tennis prodigy Naomi Osaka exhibited her remarkable talent and mental fortitude as she claimed her fourth Grand Slam title at the Australian Open. Osaka's powerful groundstrokes, combined with her unwavering focus, enabled her to overcome formidable opponents and emerge victorious. As a beacon of inspiration both on and off the court, Osaka continues to shine as one of the brightest stars in the world of tennis.",sports
12,"Golden State Warriors Crowned NBA Champions in Thrilling Finals The Golden State Warriors reigned supreme in an exhilarating NBA Finals, capturing the championship title with a display of exceptional basketball prowess. Led by their star-studded roster, the Warriors showcased their offensive firepower and defensive tenacity, outshining their opponents in a hard-fought series. The team's cohesive play and remarkable resilience earned them the ultimate honor, solidifying their place among basketball's elite.",sports
13,"Tiger Woods Completes Stunning Comeback with Major Victory Golf icon Tiger Woods staged a remarkable comeback, capturing a major victory and silencing any doubts about his ability to compete at the highest level. Overcoming injuries and setbacks, Woods demonstrated his unparalleled skill and mental toughness, captivating fans with his precision shots and clutch putting. With this triumphant return to the winner's circle, Woods solidifies his legacy as one of the sport's greatest champions.",sports
14,"Simone Manuel Makes Waves with Record-Breaking Performance at Swimming Championships Swimming sensation Simone Manuel made history at the Swimming Championships, delivering a breathtaking performance that shattered records and captivated audiences. Manuel's exceptional speed and flawless technique propelled her to new heights, as she set new benchmarks in various events. Her groundbreaking achievements not only inspire a new generation of swimmers but also underscore her status as a true trailblazer in the world of competitive swimming.",sports
15,"Lionel Messi Leads Barcelona to Victory in Champions League Final Argentine maestro Lionel Messi orchestrated a masterclass performance, leading Barcelona to a resounding victory in the UEFA Champions League final. Messi's sublime dribbling skills, precise passing, and clinical finishing left opponents in awe as he single-handedly dismantled defenses. His influential presence on the field and unwavering determination propelled Barcelona to European glory, showcasing his unparalleled talent and solidifying his status as one of the greatest footballers of all time.",sports
16,"Serena Williams Claims Historic 24th Grand Slam Title at Wimbledon Tennis legend Serena Williams etched her name in the record books once again, as she secured her 24th Grand Slam title at the prestigious Wimbledon tournament. Williams' unparalleled power and finesse on the grass court proved too much for her opponents to handle, as she showcased her unmatched skill and mental fortitude. With this monumental achievement, Williams further solidifies her legacy as one of the greatest athletes of all time.",sports
17,"Michael Phelps Sets New Olympic Record with Gold Medal Haul Swimming icon Michael Phelps made Olympic history by amassing an unprecedented number of gold medals in his illustrious career. Phelps' unparalleled athleticism and relentless pursuit of excellence in the pool propelled him to victory time and time again. With his extraordinary achievements, he not only cemented his status as the most decorated Olympian of all time but also inspired a generation of swimmers to push their limits.",sports
18,"Cristiano Ronaldo Inspires Portugal to European Championship Triumph Portuguese football superstar Cristiano Ronaldo led his national team to a thrilling victory in the UEFA European Championship. Ronaldo's exceptional skill, goal-scoring prowess, and inspiring leadership were instrumental in Portugal's success throughout the tournament. His passion for the game and his ability to deliver in crucial moments cemented his status as one of the greatest footballers of his generation.",sports
19,"Simone Biles Dominates Gymnastics World Championships with Unprecedented Feats Gymnastics phenom Simone Biles captivated the world with her awe-inspiring performances at the World Championships, where she achieved unprecedented feats. Biles pushed the boundaries of the sport with her gravity-defying routines, executing complex maneuvers flawlessly and earning multiple gold medals. Her remarkable athleticism, unmatched precision, and unwavering determination continue to redefine what is possible in the world of gymnastics.",sports
20,"Novak Djokovic Clinches Historic Calendar Grand Slam at US Open Serbian tennis superstar Novak Djokovic etched his name in the annals of tennis history by completing a remarkable Calendar Grand Slam with his victory at the US Open. Djokovic's unparalleled consistency, mental toughness, and exceptional shot-making abilities propelled him to triumph in all four major tournaments in a single calendar year. This extraordinary feat solidifies Djokovic's status as one of the sport's greatest champions.",sports
21,"Los Angeles Lakers Crowned NBA Champions in Dominant Finals Performance Led by their dynamic duo, the Los Angeles Lakers soared to victory in a commanding display during the NBA Finals, securing the championship title. With LeBron James and Anthony Davis leading the charge, the Lakers exhibited their dominance on both ends of the court, showcasing their immense skill, teamwork, and defensive prowess. The team's resolute determination and unwavering focus earned them the coveted NBA crown.",sports
22,"Allyson Felix Breaks Olympic Record, Becomes Most Decorated Female Track Athlete American sprinter Allyson Felix etched her name in Olympic history by breaking the record for the most medals won by a female track athlete. Felix's exceptional speed, tenacity, and longevity in the sport propelled her to multiple podium finishes, showcasing her versatility across various sprint events. Her unwavering dedication and inspiring performances continue to inspire generations of track and field athletes worldwide.",sports
23,"Manchester City Clinches Premier League Title with Record-Breaking Season Manchester City Football Club soared to new heights as they clinched the Premier League title with a record-breaking season. Under the strategic guidance of their manager and the exceptional performances of their players, Manchester City displayed unrivaled consistency, tactical brilliance, and offensive firepower throughout the campaign. Their remarkable achievement and dominant displays on the pitch reaffirm their status as one of English football's dominant forces.",sports
24,"Giannis Antetokounmpo Leads Milwaukee Bucks to NBA Championship Greek basketball superstar Giannis Antetokounmpo showcased his extraordinary talent and leadership skills as he guided the Milwaukee Bucks to their first NBA championship in 50 years. Antetokounmpo's dominant performances, both offensively and defensively, captivated fans and silenced doubters. With his unmatched athleticism, determination, and humility, Antetokounmpo solidified his status as one of the game's brightest stars and brought glory to the city of Milwaukee.",sports
25,"Emma Raducanu Makes Sensational Run to Win US Open as Qualifier British tennis prodigy Emma Raducanu stunned the world with her sensational run at the US Open, becoming the first qualifier in history to capture the prestigious title. Raducanu's fearless play, composure under pressure, and remarkable shot-making amazed fans and experts alike. Her fairy-tale journey and remarkable triumph served as an inspiration to aspiring tennis players around the globe.",sports
26,"Max Verstappen Claims Formula 1 World Championship in Thrilling Finale Red Bull Racing driver Max Verstappen clinched the Formula 1 World Championship in a nail-biting finale that had fans on the edge of their seats. Verstappen's exceptional skill, daring overtakes, and unwavering determination throughout the season propelled him to victory. With this historic achievement, Verstappen emerged as a formidable rival and the youngest ever Formula 1 world champion.",sports
27,"Alex Morgan Inspires US Women's Soccer Team to Olympic Gold American soccer star Alex Morgan led the United States Women's Soccer Team to a glorious Olympic gold medal victory. Morgan's clinical finishing, strategic play, and leadership on and off the field proved instrumental in the team's success. Her dedication to the sport, coupled with her undeniable talent, served as an inspiration to her teammates and a source of pride for fans across the nation.",sports
28,"Tom Brady Leads Tampa Bay Buccaneers to Super Bowl Victory Legendary quarterback Tom Brady showcased his unparalleled leadership and skill as he led the Tampa Bay Buccaneers to a resounding victory in the Super Bowl. Brady's precision passing, strategic decision-making, and ability to perform under pressure were on full display, solidifying his status as one of the greatest quarterbacks in NFL history. With his seventh Super Bowl win, Brady further cements his legacy as a true icon of the game.",sports
29,"Simone Biles Returns to Win Gold at Olympics, Inspiring Resilience Gymnastics icon Simone Biles captivated the world once again with her remarkable comeback at the Olympic Games. Overcoming challenges and prioritizing mental health, Biles displayed incredible resilience and strength as she returned to competition and secured gold medals. Her unwavering dedication and openness about the importance of self-care continue to inspire athletes worldwide, leaving a lasting impact on the sport.",sports
30,"Lewis Hamilton Breaks All-Time Formula 1 Win Record Mercedes-AMG Petronas driver Lewis Hamilton made history by surpassing the all-time Formula 1 win record, solidifying his position as one of the sport's greatest drivers. Hamilton's exceptional talent, relentless pursuit of excellence, and philanthropic endeavors have not only propelled him to numerous victories but have also made him a powerful advocate for diversity and inclusion in motorsports. His achievements continue to inspire generations of aspiring racers.",sports
31,"Serena Williams Returns to Tennis with Grand Slam Victory Tennis legend Serena Williams made a triumphant return to the court, capturing a Grand Slam victory after a brief hiatus. Williams' unmatched power, athleticism, and unparalleled mental fortitude were on full display as she overcame challenges to reclaim her winning form. Her remarkable comeback serves as a testament to her indomitable spirit and unwavering passion for the sport, inspiring athletes around the world.",sports
32,"Lionel Messi Signs Historic Deal with Paris Saint-Germain Football superstar Lionel Messi made headlines as he signed a historic deal with Paris Saint-Germain (PSG) after an illustrious career with Barcelona. The Argentine forward's move to PSG sent shockwaves through the footballing world, setting the stage for an exciting new chapter in his career. With his exceptional skill and unrivaled talent, Messi aims to contribute to PSG's pursuit of domestic and international success.",sports
32,"Naomi Osaka Claims Wimbledon Title with Dominant Performance Japanese tennis sensation Naomi Osaka showcased her prowess on the grass courts of Wimbledon, securing the prestigious title with a series of dominant performances. Osaka's powerful groundstrokes and impeccable technique left opponents in awe, as she maneuvered her way to victory. Her triumph at Wimbledon further solidifies her status as one of the brightest stars in women's tennis.",sports
33,"Lewis Hamilton Wins Record Eighth Formula 1 World Championship Mercedes-AMG Petronas driver Lewis Hamilton made history by clinching his eighth Formula 1 World Championship, surpassing the previous record. Hamilton's exceptional driving skills, strategic brilliance, and determination propelled him to the top of the sport once again. With this remarkable achievement, Hamilton solidifies his position as one of the most successful drivers in Formula 1 history.",sports
34,"Simone Biles Dominates at Gymnastics World Championships, Sets New Standards Gymnastics prodigy Simone Biles once again proved her unparalleled talent and unmatched skills at the Gymnastics World Championships. Biles mesmerized spectators and judges with her gravity-defying routines, setting new standards in the sport. Her extraordinary performances continue to inspire awe and admiration, establishing her as one of the greatest gymnasts of all time.",sports
35,"Rafael Nadal Claims Historic 14th French Open Title Spanish tennis maestro Rafael Nadal added another chapter to his legacy by clinching his 14th French Open title. Nadal's unparalleled mastery on clay courts was on full display as he dominated his opponents with his trademark power and relentless determination. With this extraordinary feat, Nadal further solidifies his status as the ""King of Clay"" and etches his name in tennis history.",sports
36,"US Women's Soccer Team Secures Olympic Gold with Stellar Performance The United States Women's Soccer Team delivered a scintillating performance at the Olympics, capturing the gold medal with their exceptional skills and teamwork. The team's relentless attack, rock-solid defense, and unwavering spirit propelled them to victory, showcasing their dominance in the sport. Their triumph once again underlines their status as one of the most formidable teams in women's soccer.",sports
37,"Lewis Hamilton Emerges Victorious in Thrilling F1 Championship Battle Mercedes-AMG Petronas driver Lewis Hamilton engaged in a fierce battle throughout the Formula 1 season and emerged as the champion, capturing his record-breaking eighth world championship. Hamilton's exceptional talent, consistency, and ability to perform under pressure propelled him to victory, solidifying his position as one of the sport's all-time greats. His relentless pursuit of excellence continues to inspire aspiring racers around the globe.",sports
38,"New Study Shows Exercise Reduces Risk of Chronic Diseases A recent study published in a leading medical journal reveals that engaging in regular exercise significantly reduces the risk of developing chronic diseases. The research highlights the positive impact of physical activity on overall health, showing that even moderate exercise can lower the chances of conditions such as heart disease, diabetes, and certain types of cancer. These findings underscore the importance of incorporating exercise into daily routines for maintaining long-term health and well-being.",health
39,"Scientists Discover Promising Treatment for Alzheimer's Disease In a breakthrough development, scientists have identified a promising treatment approach for Alzheimer's disease. Recent studies have unveiled a novel drug candidate that targets the underlying mechanisms of the disease, potentially slowing its progression and improving cognitive function. While further research and clinical trials are necessary, this discovery offers renewed hope in the fight against Alzheimer's and may pave the way for future advancements in the field of neurodegenerative disorders.",health
40,"Research Suggests Mediterranean Diet Lowers Risk of Stroke Evidence continues to mount in support of the Mediterranean diet's positive impact on health, with a new study highlighting its potential in reducing the risk of stroke. The research, involving a large population, found that adherence to a Mediterranean-style eating pattern, rich in fruits, vegetables, whole grains, healthy fats, and lean proteins, was associated with a significant decrease in stroke incidence. These findings underscore the importance of adopting a balanced and nutritious diet for maintaining cardiovascular health.",health
41,"Study Links Regular Exercise to Improved Mental Health and Well-being A comprehensive study involving thousands of participants has revealed a strong correlation between regular exercise and improved mental health. The research findings indicate that engaging in physical activity, such as aerobic exercises and strength training, can alleviate symptoms of anxiety and depression, boost mood, and enhance overall well-being. These results underscore the significant role exercise plays in promoting mental wellness and emphasize the importance of incorporating physical activity into daily routines.",health
42,"Groundbreaking Research Identifies Potential Breakthrough in Cancer Treatment In a groundbreaking advancement, scientists have made a significant breakthrough in cancer research. Recent studies have identified a potential new treatment approach that targets specific cancer cells while minimizing damage to healthy cells. This promising development opens up new possibilities for personalized and more effective cancer treatments, bringing hope to patients and medical professionals alike. Further research and clinical trials are underway to validate the findings and explore their application in various types of cancer.",health
43,"Study Shows Benefits of Meditation for Stress Reduction and Mindfulness A recent study conducted on the effects of meditation has demonstrated its positive impact on stress reduction and mindfulness. The research reveals that consistent meditation practice can help lower stress levels, improve emotional well-being, and enhance attention and focus. These findings highlight the potential of meditation as a valuable tool for managing stress and promoting mental clarity in our fast-paced lives. Incorporating mindfulness practices into daily routines may offer long-term benefits for mental health and overall well-being.",health
44,"New Dietary Guidelines Emphasize Plant-Based Eating for Health Benefits The latest dietary guidelines released by health authorities place a strong emphasis on plant-based eating for optimal health benefits. These guidelines recommend increasing the consumption of fruits, vegetables, legumes, whole grains, and plant-based proteins while reducing the intake of processed foods, added sugars, and saturated fats. Scientific evidence suggests that adopting a plant-based diet can lower the risk of chronic diseases, such as heart disease, diabetes, and certain cancers, while promoting weight management and overall wellness.",health
45,"Promising Breakthrough in Vaccines for Infectious Diseases Researchers have achieved a significant breakthrough in vaccine development for infectious diseases. Recent studies have identified new vaccine candidates that show high efficacy and effectiveness against various pathogens. These advancements offer hope in the fight against infectious diseases, paving the way for the development of improved vaccines to prevent and control outbreaks. The ongoing research and innovation in this field hold the potential to protect global populations from a wide range of infectious threats.",health
46,"Study Reveals Benefits of Regular Sleep for Cognitive Function A comprehensive study investigating the relationship between sleep and cognitive function has uncovered compelling evidence for the importance of regular, quality sleep. The research indicates that adequate sleep duration and quality play a vital role in cognitive processes, including attention, memory, and problem-solving. Establishing healthy sleep habits and prioritizing sufficient rest may contribute to improved cognitive performance and overall brain health.",health
47,"Research Highlights the Role of Gut Microbiome in Overall Health Scientific research on the gut microbiome has unveiled its significant impact on overall health and well-being. The gut microbiome, a complex community of microorganisms residing in the digestive system, influences various aspects of health, including digestion, immunity, and mental health. Understanding the importance of maintaining a diverse and balanced gut microbiome through a healthy diet, probiotics, and lifestyle choices may lead to innovative approaches in promoting optimal health and preventing certain diseases.",health
49,"Study Supports Benefits of Regular Physical Activity in Aging Population A comprehensive study conducted on the aging population has reinforced the numerous benefits of regular physical activity. The research reveals that engaging in exercise as one ages can improve cardiovascular health, maintain muscle strength and flexibility, enhance cognitive function, and reduce the risk of chronic conditions such as heart disease, osteoporosis, and type 2 diabetes. These findings highlight the importance of an active lifestyle for healthy aging and encourage individuals of all ages to incorporate exercise into their daily routines.",health
50,"Breakthrough Research Identifies Key Factors in Mental Resilience Cutting-edge research on mental resilience has identified key factors that contribute to an individual's ability to adapt and recover from adversity. The study emphasizes the importance of positive social connections, effective stress management techniques, self-compassion, and optimism in building mental resilience. Understanding these factors can help individuals develop strategies to strengthen their resilience, leading to better mental health outcomes and improved coping mechanisms in challenging times.",health
51,"Scientists Make Strides in Developing Personalized Medicine Advancements in the field of personalized medicine are revolutionizing healthcare. Researchers are utilizing genetic and molecular data to tailor medical treatments to individual patients, maximizing effectiveness and minimizing side effects. Personalized medicine holds great promise for improving treatment outcomes, especially in complex conditions such as cancer, cardiovascular diseases, and genetic disorders. As research continues to progress, personalized medicine has the potential to transform the future of healthcare, providing more precise and targeted therapies.",health
52,"Study Finds Link Between Healthy Lifestyle and Reduced Risk of Chronic Diseases A comprehensive study examining the impact of lifestyle choices on chronic diseases has revealed a strong correlation between healthy habits and reduced disease risk. The research indicates that individuals who engage in regular physical activity, maintain a balanced diet, avoid tobacco and excessive alcohol consumption, and manage stress effectively have a significantly lower risk of developing chronic conditions such as heart disease, diabetes, and certain cancers. These findings underscore the importance of adopting a healthy lifestyle for long-term health and disease prevention.",health
53,"Research Highlights Benefits of Mind-Body Practices for Well-being Scientific research continues to support the positive effects of mind-body practices on overall well-being. Studies demonstrate that practices such as yoga, meditation, and tai chi offer numerous benefits, including stress reduction, improved mental health, enhanced sleep quality, and increased physical flexibility and strength. Incorporating these practices into daily routines can promote a sense of calm, balance, and resilience, contributing to overall wellness and quality of life.",health
54,"Study Reveals Connection Between Mental Health and Nature Exposure A growing body of research suggests that spending time in nature has a positive impact on mental health and well-being. Studies indicate that exposure to natural environments, such as parks, forests, and green spaces, can reduce stress, improve mood, enhance cognitive function, and increase feelings of happiness and relaxation. Incorporating nature-based activities, such as hiking, gardening, or simply spending time outdoors, can provide a valuable boost to mental health and contribute to a greater sense of connection with the natural world.",health
55,"Scientists Discover Potential Breakthrough in Alzheimer's Disease Research In a significant development, scientists have made a potential breakthrough in Alzheimer's disease research. Recent studies have identified a novel therapeutic target that shows promise in slowing down the progression of the disease and reducing cognitive decline. This discovery brings renewed hope to individuals affected by Alzheimer's and their families, as researchers continue to work towards effective treatments and interventions to combat this complex neurodegenerative condition.",health
56,"Study Finds Mediterranean Diet Linked to Longevity and Healthy Aging A comprehensive study examining the impact of the Mediterranean diet on longevity and healthy aging has revealed compelling results. The research suggests that adhering to a Mediterranean-style eating pattern, rich in fruits, vegetables, whole grains, healthy fats, and lean proteins, is associated with a reduced risk of age-related diseases, improved cognitive function, and increased longevity. These findings provide further support for the health benefits of this dietary approach and emphasize the importance of adopting a balanced and plant-centric eating plan.",health
57,"Research Uncovers Potential Benefits of Intermittent Fasting Emerging research on intermittent fasting suggests potential health benefits beyond weight management. Studies indicate that intermittent fasting, when done under proper guidance, may improve metabolic health, enhance cellular repair processes, promote brain health, and even extend lifespan in some animal models. While more research is needed to fully understand the long-term effects and optimal protocols, these findings highlight the potential of intermittent fasting as an intriguing approach to overall health and well-being.",health
58,"Scientists Make Progress in Developing New Antibiotics In the face of increasing antibiotic resistance, scientists have made significant strides in developing new antibiotics to combat drug-resistant infections. Innovative research and technologies have led to the discovery of novel compounds and therapeutic strategies that show effectiveness against resistant bacteria. This progress brings hope in the fight against antimicrobial resistance, ensuring the availability of effective treatments and preserving public health.",health
59,"Study Finds Positive Effects of Music on Mental Health and Well-being Scientific studies continue to demonstrate the positive impact of music on mental health and overall well-being. Research indicates that listening to or engaging in music can reduce stress, alleviate symptoms of depression and anxiety, improve mood, enhance cognitive function, and promote relaxation and emotional well-being. The power of music as a therapeutic tool is being recognized and utilized in various clinical and community settings, highlighting its potential for improving mental health outcomes.",health
60,"Researchers Shed Light on the Gut-Brain Connection Exploring the complex relationship between the gut and the brain, scientists have uncovered compelling evidence of the gut-brain connection and its impact on various aspects of health. Research suggests that the gut microbiota, the diverse community of microorganisms in the digestive system, plays a crucial role in regulating brain function, mood, and mental health. Understanding this intricate connection opens new avenues for potential interventions and therapies targeting the gut to support mental well-being.",health
61,"Study Highlights Importance of Quality Sleep for Immune Function A growing body of research underscores the vital role of quality sleep in supporting a robust immune system. Studies show that sufficient and restorative sleep enhances immune function, including the production of immune cells, regulation of inflammation, and defense against pathogens. Prioritizing healthy sleep habits, such as maintaining a consistent sleep schedule and creating a conducive sleep environment, can contribute to a strengthened immune response and overall wellness.",health
62,"Research Reveals Benefits of Regular Physical Activity for Mental Health Scientific research consistently demonstrates the positive impact of regular physical activity on mental health. Studies indicate that exercise can help reduce symptoms of depression, anxiety, and stress while improving overall mood and psychological well-being. Engaging in activities such as walking, jogging, dancing, or team sports releases endorphins, boosts self-esteem, and provides a sense of accomplishment. These findings highlight the importance of incorporating physical activity into daily routines to support mental health.",health
63,"Breakthrough Study Shows Promising Results in HIV Vaccine Development In an exciting development in HIV research, a breakthrough study has shown promising results in the development of an effective vaccine against the virus. Scientists have made significant progress in identifying vaccine candidates that trigger robust immune responses, leading to enhanced protection against HIV infection. While further research and clinical trials are necessary, these findings offer hope for the future, bringing us closer to the goal of an HIV vaccine.",health
64,"Plant-Based Diets Linked to Lower Risk of Heart Disease and Mortality Multiple studies have indicated a strong association between plant-based diets and a lower risk of heart disease and overall mortality. Research shows that diets rich in fruits, vegetables, whole grains, legumes, and nuts, while minimizing the intake of processed foods and animal products, can significantly reduce the risk of cardiovascular diseases. Adopting a plant-based eating pattern may contribute to long-term heart health and overall well-being.",health
65,"Mindfulness Meditation Found Effective in Reducing Chronic Pain Scientific studies have found mindfulness meditation to be an effective approach for managing chronic pain. Mindfulness practices, involving non-judgmental awareness of present-moment experiences, have been shown to reduce pain intensity, improve pain coping mechanisms, and enhance overall well-being in individuals with chronic pain conditions. Integrating mindfulness techniques into pain management strategies can provide a valuable tool for improving quality of life and reducing reliance on medications.",health
66,"Study Highlights the Benefits of Regular Green Tea Consumption Research continues to uncover the health benefits associated with regular green tea consumption. Green tea is rich in antioxidants and compounds that have been shown to promote heart health, enhance brain function, support weight management, and reduce the risk of certain types of cancer. Incorporating green tea into a balanced diet can be a simple and enjoyable way to reap these potential health advantages.",health
67,"Researchers Discover Potential Novel Treatment for Alzheimer's In a significant breakthrough, researchers have discovered a potential novel treatment for Alzheimer's disease. Recent studies have identified a compound that targets and removes toxic protein aggregates in the brain, a hallmark of the disease. This discovery brings renewed hope for developing effective therapies that could slow down or halt the progression of Alzheimer's, offering new possibilities for improving the lives of individuals affected by this debilitating condition.",health
68,"Study Finds Regular Strength Training Benefits Bone Health Strength training exercises, such as weightlifting or resistance training, have been shown to have significant benefits for bone health. Research indicates that regular strength training can increase bone mineral density, improve bone strength, and reduce the risk of osteoporosis and fractures, particularly in older adults. Incorporating strength training into exercise routines, alongside weight-bearing and aerobic activities, can contribute to long-term skeletal health.",health
69,"Research Shows Mediterranean Diet May Lower Type 2 Diabetes Risk Studies continue to support the positive impact of the Mediterranean diet on reducing the risk of type 2 diabetes. The diet's emphasis on whole foods, healthy fats, lean proteins, and high-fiber carbohydrates helps regulate blood sugar levels, improve insulin sensitivity, and reduce inflammation, all of which are crucial in preventing and managing type 2 diabetes. Embracing the Mediterranean eating pattern can be a valuable strategy for promoting metabolic health.",health
70,"Breakthrough Study Reveals Potential for Gene Editing in Treating Genetic Disorders Advancements in gene-editing technologies, such as CRISPR-Cas9, hold significant promise for treating genetic disorders. Recent studies have shown successful gene editing in preclinical models, raising hopes for potential future treatments for conditions like sickle cell anemia, cystic fibrosis, and muscular dystrophy. While more research and ethical considerations are required before clinical applications, gene editing offers a transformative avenue for addressing genetic diseases.",health
71,"Research Highlights Health Benefits of Intermittent Fasting Emerging scientific evidence suggests that intermittent fasting may offer various health benefits beyond weight management. Studies indicate that intermittent fasting can improve metabolic health, regulate blood sugar levels, enhance cellular repair mechanisms, and potentially extend lifespan in animal models. Implementing intermittent fasting under proper guidance and individual suitability may present an intriguing approach to optimizing health and well-being.",health
72,"New Study Shows Exercise Reduces Risk of Chronic Diseases A recent study published in a leading medical journal reveals that engaging in regular exercise significantly reduces the risk of developing chronic diseases. The research highlights the positive impact of physical activity on overall health, showing that even moderate exercise can lower the chances of conditions such as heart disease, diabetes, and certain types of cancer. These findings underscore the importance of incorporating exercise into daily routines for maintaining long-term health and well-being.",business
73,"Scientists Discover Promising Treatment for Alzheimer's Disease In a breakthrough development, scientists have identified a promising treatment approach for Alzheimer's disease. Recent studies have unveiled a novel drug candidate that targets the underlying mechanisms of the disease, potentially slowing its progression and improving cognitive function. While further research and clinical trials are necessary, this discovery offers renewed hope in the fight against Alzheimer's and may pave the way for future advancements in the field of neurodegenerative disorders.",business
74,"Research Suggests Mediterranean Diet Lowers Risk of Stroke Evidence continues to mount in support of the Mediterranean diet's positive impact on health, with a new study highlighting its potential in reducing the risk of stroke. The research, involving a large population, found that adherence to a Mediterranean-style eating pattern, rich in fruits, vegetables, whole grains, healthy fats, and lean proteins, was associated with a significant decrease in stroke incidence. These findings underscore the importance of adopting a balanced and nutritious diet for maintaining cardiovascular health.",business
75,"Study Links Regular Exercise to Improved Mental Health and Well-being A comprehensive study involving thousands of participants has revealed a strong correlation between regular exercise and improved mental health. The research findings indicate that engaging in physical activity, such as aerobic exercises and strength training, can alleviate symptoms of anxiety and depression, boost mood, and enhance overall well-being. These results underscore the significant role exercise plays in promoting mental wellness and emphasize the importance of incorporating physical activity into daily routines.",business
76,"Groundbreaking Research Identifies Potential Breakthrough in Cancer Treatment In a groundbreaking advancement, scientists have made a significant breakthrough in cancer research. Recent studies have identified a potential new treatment approach that targets specific cancer cells while minimizing damage to healthy cells. This promising development opens up new possibilities for personalized and more effective cancer treatments, bringing hope to patients and medical professionals alike. Further research and clinical trials are underway to validate the findings and explore their application in various types of cancer.",business
77,"Study Shows Benefits of Meditation for Stress Reduction and Mindfulness A recent study conducted on the effects of meditation has demonstrated its positive impact on stress reduction and mindfulness. The research reveals that consistent meditation practice can help lower stress levels, improve emotional well-being, and enhance attention and focus. These findings highlight the potential of meditation as a valuable tool for managing stress and promoting mental clarity in our fast-paced lives. Incorporating mindfulness practices into daily routines may offer long-term benefits for mental health and overall well-being.",business
78,"New Dietary Guidelines Emphasize Plant-Based Eating for Health Benefits The latest dietary guidelines released by health authorities place a strong emphasis on plant-based eating for optimal health benefits. These guidelines recommend increasing the consumption of fruits, vegetables, legumes, whole grains, and plant-based proteins while reducing the intake of processed foods, added sugars, and saturated fats. Scientific evidence suggests that adopting a plant-based diet can lower the risk of chronic diseases, such as heart disease, diabetes, and certain cancers, while promoting weight management and overall wellness.",business
79,"Promising Breakthrough in Vaccines for Infectious Diseases Researchers have achieved a significant breakthrough in vaccine development for infectious diseases. Recent studies have identified new vaccine candidates that show high efficacy and effectiveness against various pathogens. These advancements offer hope in the fight against infectious diseases, paving the way for the development of improved vaccines to prevent and control outbreaks. The ongoing research and innovation in this field hold the potential to protect global populations from a wide range of infectious threats.",business
80,"Study Reveals Benefits of Regular Sleep for Cognitive Function A comprehensive study investigating the relationship between sleep and cognitive function has uncovered compelling evidence for the importance of regular, quality sleep. The research indicates that adequate sleep duration and quality play a vital role in cognitive processes, including attention, memory, and problem-solving. Establishing healthy sleep habits and prioritizing sufficient rest may contribute to improved cognitive performance and overall brain health.",business
81,"Research Highlights the Role of Gut Microbiome in Overall Health Scientific research on the gut microbiome has unveiled its significant impact on overall health and well-being. The gut microbiome, a complex community of microorganisms residing in the digestive system, influences various aspects of health, including digestion, immunity, and mental health. Understanding the importance of maintaining a diverse and balanced gut microbiome through a healthy diet, probiotics, and lifestyle choices may lead to innovative approaches in promoting optimal health and preventing certain diseases.",business
82,"Study Supports Benefits of Regular Physical Activity in Aging Population A comprehensive study conducted on the aging population has reinforced the numerous benefits of regular physical activity. The research reveals that engaging in exercise as one ages can improve cardiovascular health, maintain muscle strength and flexibility, enhance cognitive function, and reduce the risk of chronic conditions such as heart disease, osteoporosis, and type 2 diabetes. These findings highlight the importance of an active lifestyle for healthy aging and encourage individuals of all ages to incorporate exercise into their daily routines.",business
83,"Breakthrough Research Identifies Key Factors in Mental Resilience Cutting-edge research on mental resilience has identified key factors that contribute to an individual's ability to adapt and recover from adversity. The study emphasizes the importance of positive social connections, effective stress management techniques, self-compassion, and optimism in building mental resilience. Understanding these factors can help individuals develop strategies to strengthen their resilience, leading to better mental health outcomes and improved coping mechanisms in challenging times.",business
84,"Scientists Make Strides in Developing Personalized Medicine Advancements in the field of personalized medicine are revolutionizing healthcare. Researchers are utilizing genetic and molecular data to tailor medical treatments to individual patients, maximizing effectiveness and minimizing side effects. Personalized medicine holds great promise for improving treatment outcomes, especially in complex conditions such as cancer, cardiovascular diseases, and genetic disorders. As research continues to progress, personalized medicine has the potential to transform the future of healthcare, providing more precise and targeted therapies.",business
85,"Study Finds Link Between Healthy Lifestyle and Reduced Risk of Chronic Diseases A comprehensive study examining the impact of lifestyle choices on chronic diseases has revealed a strong correlation between healthy habits and reduced disease risk. The research indicates that individuals who engage in regular physical activity, maintain a balanced diet, avoid tobacco and excessive alcohol consumption, and manage stress effectively have a significantly lower risk of developing chronic conditions such as heart disease, diabetes, and certain cancers. These findings underscore the importance of adopting a healthy lifestyle for long-term health and disease prevention.",business
86,"Research Highlights Benefits of Mind-Body Practices for Well-being Scientific research continues to support the positive effects of mind-body practices on overall well-being. Studies demonstrate that practices such as yoga, meditation, and tai chi offer numerous benefits, including stress reduction, improved mental health, enhanced sleep quality, and increased physical flexibility and strength. Incorporating these practices into daily routines can promote a sense of calm, balance, and resilience, contributing to overall wellness and quality of life.",business
87,"Study Reveals Connection Between Mental Health and Nature Exposure A growing body of research suggests that spending time in nature has a positive impact on mental health and well-being. Studies indicate that exposure to natural environments, such as parks, forests, and green spaces, can reduce stress, improve mood, enhance cognitive function, and increase feelings of happiness and relaxation. Incorporating nature-based activities, such as hiking, gardening, or simply spending time outdoors, can provide a valuable boost to mental health and contribute to a greater sense of connection with the natural world.",business
88,"Scientists Discover Potential Breakthrough in Alzheimer's Disease Research In a significant development, scientists have made a potential breakthrough in Alzheimer's disease research. Recent studies have identified a novel therapeutic target that shows promise in slowing down the progression of the disease and reducing cognitive decline. This discovery brings renewed hope to individuals affected by Alzheimer's and their families, as researchers continue to work towards effective treatments and interventions to combat this complex neurodegenerative condition.",business
89,"Study Finds Mediterranean Diet Linked to Longevity and Healthy Aging A comprehensive study examining the impact of the Mediterranean diet on longevity and healthy aging has revealed compelling results. The research suggests that adhering to a Mediterranean-style eating pattern, rich in fruits, vegetables, whole grains, healthy fats, and lean proteins, is associated with a reduced risk of age-related diseases, improved cognitive function, and increased longevity. These findings provide further support for the health benefits of this dietary approach and emphasize the importance of adopting a balanced and plant-centric eating plan.",business
90,"Research Uncovers Potential Benefits of Intermittent Fasting Emerging research on intermittent fasting suggests potential health benefits beyond weight management. Studies indicate that intermittent fasting, when done under proper guidance, may improve metabolic health, enhance cellular repair processes, promote brain health, and even extend lifespan in some animal models. While more research is needed to fully understand the long-term effects and optimal protocols, these findings highlight the potential of intermittent fasting as an intriguing approach to overall health and well-being.",business
91,"Scientists Make Progress in Developing New Antibiotics In the face of increasing antibiotic resistance, scientists have made significant strides in developing new antibiotics to combat drug-resistant infections. Innovative research and technologies have led to the discovery of novel compounds and therapeutic strategies that show effectiveness against resistant bacteria. This progress brings hope in the fight against antimicrobial resistance, ensuring the availability of effective treatments and preserving public health.",business
92,"Study Finds Positive Effects of Music on Mental Health and Well-being Scientific studies continue to demonstrate the positive impact of music on mental health and overall well-being. Research indicates that listening to or engaging in music can reduce stress, alleviate symptoms of depression and anxiety, improve mood, enhance cognitive function, and promote relaxation and emotional well-being. The power of music as a therapeutic tool is being recognized and utilized in various clinical and community settings, highlighting its potential for improving mental health outcomes.",business
93,"Researchers Shed Light on the Gut-Brain Connection Exploring the complex relationship between the gut and the brain, scientists have uncovered compelling evidence of the gut-brain connection and its impact on various aspects of health. Research suggests that the gut microbiota, the diverse community of microorganisms in the digestive system, plays a crucial role in regulating brain function, mood, and mental health. Understanding this intricate connection opens new avenues for potential interventions and therapies targeting the gut to support mental well-being.",business
94,"Study Highlights Importance of Quality Sleep for Immune Function A growing body of research underscores the vital role of quality sleep in supporting a robust immune system. Studies show that sufficient and restorative sleep enhances immune function, including the production of immune cells, regulation of inflammation, and defense against pathogens. Prioritizing healthy sleep habits, such as maintaining a consistent sleep schedule and creating a conducive sleep environment, can contribute to a strengthened immune response and overall wellness.",business
95,"Research Reveals Benefits of Regular Physical Activity for Mental Health Scientific research consistently demonstrates the positive impact of regular physical activity on mental health. Studies indicate that exercise can help reduce symptoms of depression, anxiety, and stress while improving overall mood and psychological well-being. Engaging in activities such as walking, jogging, dancing, or team sports releases endorphins, boosts self-esteem, and provides a sense of accomplishment. These findings highlight the importance of incorporating physical activity into daily routines to support mental health.",business
96,"Breakthrough Study Shows Promising Results in HIV Vaccine Development In an exciting development in HIV research, a breakthrough study has shown promising results in the development of an effective vaccine against the virus. Scientists have made significant progress in identifying vaccine candidates that trigger robust immune responses, leading to enhanced protection against HIV infection. While further research and clinical trials are necessary, these findings offer hope for the future, bringing us closer to the goal of an HIV vaccine.",business
97,"Plant-Based Diets Linked to Lower Risk of Heart Disease and Mortality Multiple studies have indicated a strong association between plant-based diets and a lower risk of heart disease and overall mortality. Research shows that diets rich in fruits, vegetables, whole grains, legumes, and nuts, while minimizing the intake of processed foods and animal products, can significantly reduce the risk of cardiovascular diseases. Adopting a plant-based eating pattern may contribute to long-term heart health and overall well-being.",business
98,"Mindfulness Meditation Found Effective in Reducing Chronic Pain Scientific studies have found mindfulness meditation to be an effective approach for managing chronic pain. Mindfulness practices, involving non-judgmental awareness of present-moment experiences, have been shown to reduce pain intensity, improve pain coping mechanisms, and enhance overall well-being in individuals with chronic pain conditions. Integrating mindfulness techniques into pain management strategies can provide a valuable tool for improving quality of life and reducing reliance on medications.",business
99,"Study Highlights the Benefits of Regular Green Tea Consumption Research continues to uncover the health benefits associated with regular green tea consumption. Green tea is rich in antioxidants and compounds that have been shown to promote heart health, enhance brain function, support weight management, and reduce the risk of certain types of cancer. Incorporating green tea into a balanced diet can be a simple and enjoyable way to reap these potential health advantages.",business
100,"Researchers Discover Potential Novel Treatment for Alzheimer's In a significant breakthrough, researchers have discovered a potential novel treatment for Alzheimer's disease. Recent studies have identified a compound that targets and removes toxic protein aggregates in the brain, a hallmark of the disease. This discovery brings renewed hope for developing effective therapies that could slow down or halt the progression of Alzheimer's, offering new possibilities for improving the lives of individuals affected by this debilitating condition.",business
101,"Study Finds Regular Strength Training Benefits Bone Health Strength training exercises, such as weightlifting or resistance training, have been shown to have significant benefits for bone health. Research indicates that regular strength training can increase bone mineral density, improve bone strength, and reduce the risk of osteoporosis and fractures, particularly in older adults. Incorporating strength training into exercise routines, alongside weight-bearing and aerobic activities, can contribute to long-term skeletal health.",business
102,"Research Shows Mediterranean Diet May Lower Type 2 Diabetes Risk Studies continue to support the positive impact of the Mediterranean diet on reducing the risk of type 2 diabetes. The diet's emphasis on whole foods, healthy fats, lean proteins, and high-fiber carbohydrates helps regulate blood sugar levels, improve insulin sensitivity, and reduce inflammation, all of which are crucial in preventing and managing type 2 diabetes. Embracing the Mediterranean eating pattern can be a valuable strategy for promoting metabolic health.",business
103,"Breakthrough Study Reveals Potential for Gene Editing in Treating Genetic Disorders Advancements in gene-editing technologies, such as CRISPR-Cas9, hold significant promise for treating genetic disorders. Recent studies have shown successful gene editing in preclinical models, raising hopes for potential future treatments for conditions like sickle cell anemia, cystic fibrosis, and muscular dystrophy. While more research and ethical considerations are required before clinical applications, gene editing offers a transformative avenue for addressing genetic diseases.",business
104,"Research Highlights Health Benefits of Intermittent Fasting Emerging scientific evidence suggests that intermittent fasting may offer various health benefits beyond weight management. Studies indicate that intermittent fasting can improve metabolic health, regulate blood sugar levels, enhance cellular repair mechanisms, and potentially extend lifespan in animal models. Implementing intermittent fasting under proper guidance and individual suitability may present an intriguing approach to optimizing health and well-being.",business
105,"New Study Shows Exercise Reduces Risk of Chronic Diseases A recent study published in a leading medical journal reveals that engaging in regular exercise significantly reduces the risk of developing chronic diseases. The research highlights the positive impact of physical activity on overall health, showing that even moderate exercise can lower the chances of conditions such as heart disease, diabetes, and certain types of cancer. These findings underscore the importance of incorporating exercise into daily routines for maintaining long-term health and well-being.",business
106,"Scientists Discover Promising Treatment for Alzheimer's Disease In a breakthrough development, scientists have identified a promising treatment approach for Alzheimer's disease. Recent studies have unveiled a novel drug candidate that targets the underlying mechanisms of the disease, potentially slowing its progression and improving cognitive function. While further research and clinical trials are necessary, this discovery offers renewed hope in the fight against Alzheimer's and may pave the way for future advancements in the field of neurodegenerative disorders.",business
107,"Research Suggests Mediterranean Diet Lowers Risk of Stroke Evidence continues to mount in support of the Mediterranean diet's positive impact on health, with a new study highlighting its potential in reducing the risk of stroke. The research, involving a large population, found that adherence to a Mediterranean-style eating pattern, rich in fruits, vegetables, whole grains, healthy fats, and lean proteins, was associated with a significant decrease in stroke incidence. These findings underscore the importance of adopting a balanced and nutritious diet for maintaining cardiovascular health.",business
108,"Study Links Regular Exercise to Improved Mental Health and Well-being A comprehensive study involving thousands of participants has revealed a strong correlation between regular exercise and improved mental health. The research findings indicate that engaging in physical activity, such as aerobic exercises and strength training, can alleviate symptoms of anxiety and depression, boost mood, and enhance overall well-being. These results underscore the significant role exercise plays in promoting mental wellness and emphasize the importance of incorporating physical activity into daily routines.",business
109,"Groundbreaking Research Identifies Potential Breakthrough in Cancer Treatment In a groundbreaking advancement, scientists have made a significant breakthrough in cancer research. Recent studies have identified a potential new treatment approach that targets specific cancer cells while minimizing damage to healthy cells. This promising development opens up new possibilities for personalized and more effective cancer treatments, bringing hope to patients and medical professionals alike. Further research and clinical trials are underway to validate the findings and explore their application in various types of cancer.",business
110,"Study Shows Benefits of Meditation for Stress Reduction and Mindfulness A recent study conducted on the effects of meditation has demonstrated its positive impact on stress reduction and mindfulness. The research reveals that consistent meditation practice can help lower stress levels, improve emotional well-being, and enhance attention and focus. These findings highlight the potential of meditation as a valuable tool for managing stress and promoting mental clarity in our fast-paced lives. Incorporating mindfulness practices into daily routines may offer long-term benefits for mental health and overall well-being.",business
111,"New Dietary Guidelines Emphasize Plant-Based Eating for Health Benefits The latest dietary guidelines released by health authorities place a strong emphasis on plant-based eating for optimal health benefits. These guidelines recommend increasing the consumption of fruits, vegetables, legumes, whole grains, and plant-based proteins while reducing the intake of processed foods, added sugars, and saturated fats. Scientific evidence suggests that adopting a plant-based diet can lower the risk of chronic diseases, such as heart disease, diabetes, and certain cancers, while promoting weight management and overall wellness.",business
112,"Promising Breakthrough in Vaccines for Infectious Diseases Researchers have achieved a significant breakthrough in vaccine development for infectious diseases. Recent studies have identified new vaccine candidates that show high efficacy and effectiveness against various pathogens. These advancements offer hope in the fight against infectious diseases, paving the way for the development of improved vaccines to prevent and control outbreaks. The ongoing research and innovation in this field hold the potential to protect global populations from a wide range of infectious threats.",business
113,"Study Reveals Benefits of Regular Sleep for Cognitive Function A comprehensive study investigating the relationship between sleep and cognitive function has uncovered compelling evidence for the importance of regular, quality sleep. The research indicates that adequate sleep duration and quality play a vital role in cognitive processes, including attention, memory, and problem-solving. Establishing healthy sleep habits and prioritizing sufficient rest may contribute to improved cognitive performance and overall brain health.",business
114,"Research Highlights the Role of Gut Microbiome in Overall Health Scientific research on the gut microbiome has unveiled its significant impact on overall health and well-being. The gut microbiome, a complex community of microorganisms residing in the digestive system, influences various aspects of health, including digestion, immunity, and mental health. Understanding the importance of maintaining a diverse and balanced gut microbiome through a healthy diet, probiotics, and lifestyle choices may lead to innovative approaches in promoting optimal health and preventing certain diseases.",business
115,"Study Supports Benefits of Regular Physical Activity in Aging Population A comprehensive study conducted on the aging population has reinforced the numerous benefits of regular physical activity. The research reveals that engaging in exercise as one ages can improve cardiovascular health, maintain muscle strength and flexibility, enhance cognitive function, and reduce the risk of chronic conditions such as heart disease, osteoporosis, and type 2 diabetes. These findings highlight the importance of an active lifestyle for healthy aging and encourage individuals of all ages to incorporate exercise into their daily routines.",business
116,"Breakthrough Research Identifies Key Factors in Mental Resilience Cutting-edge research on mental resilience has identified key factors that contribute to an individual's ability to adapt and recover from adversity. The study emphasizes the importance of positive social connections, effective stress management techniques, self-compassion, and optimism in building mental resilience. Understanding these factors can help individuals develop strategies to strengthen their resilience, leading to better mental health outcomes and improved coping mechanisms in challenging times.",business
117,"Scientists Make Strides in Developing Personalized Medicine Advancements in the field of personalized medicine are revolutionizing healthcare. Researchers are utilizing genetic and molecular data to tailor medical treatments to individual patients, maximizing effectiveness and minimizing side effects. Personalized medicine holds great promise for improving treatment outcomes, especially in complex conditions such as cancer, cardiovascular diseases, and genetic disorders. As research continues to progress, personalized medicine has the potential to transform the future of healthcare, providing more precise and targeted therapies.",business
118,"Study Finds Link Between Healthy Lifestyle and Reduced Risk of Chronic Diseases A comprehensive study examining the impact of lifestyle choices on chronic diseases has revealed a strong correlation between healthy habits and reduced disease risk. The research indicates that individuals who engage in regular physical activity, maintain a balanced diet, avoid tobacco and excessive alcohol consumption, and manage stress effectively have a significantly lower risk of developing chronic conditions such as heart disease, diabetes, and certain cancers. These findings underscore the importance of adopting a healthy lifestyle for long-term health and disease prevention.",business
119,"Research Highlights Benefits of Mind-Body Practices for Well-being Scientific research continues to support the positive effects of mind-body practices on overall well-being. Studies demonstrate that practices such as yoga, meditation, and tai chi offer numerous benefits, including stress reduction, improved mental health, enhanced sleep quality, and increased physical flexibility and strength. Incorporating these practices into daily routines can promote a sense of calm, balance, and resilience, contributing to overall wellness and quality of life.",business
120,"Study Reveals Connection Between Mental Health and Nature Exposure A growing body of research suggests that spending time in nature has a positive impact on mental health and well-being. Studies indicate that exposure to natural environments, such as parks, forests, and green spaces, can reduce stress, improve mood, enhance cognitive function, and increase feelings of happiness and relaxation. Incorporating nature-based activities, such as hiking, gardening, or simply spending time outdoors, can provide a valuable boost to mental health and contribute to a greater sense of connection with the natural world.",business
121,"Scientists Discover Potential Breakthrough in Alzheimer's Disease Research In a significant development, scientists have made a potential breakthrough in Alzheimer's disease research. Recent studies have identified a novel therapeutic target that shows promise in slowing down the progression of the disease and reducing cognitive decline. This discovery brings renewed hope to individuals affected by Alzheimer's and their families, as researchers continue to work towards effective treatments and interventions to combat this complex neurodegenerative condition.",business
122,"Study Finds Mediterranean Diet Linked to Longevity and Healthy Aging A comprehensive study examining the impact of the Mediterranean diet on longevity and healthy aging has revealed compelling results. The research suggests that adhering to a Mediterranean-style eating pattern, rich in fruits, vegetables, whole grains, healthy fats, and lean proteins, is associated with a reduced risk of age-related diseases, improved cognitive function, and increased longevity. These findings provide further support for the health benefits of this dietary approach and emphasize the importance of adopting a balanced and plant-centric eating plan.",business